,title,link
0,NIVEA India Ranked as India's No. 1 Trusted Brand in the Skin Care Category in 2022 by TRA,https://www.newsvoir.com/release/nivea-india-ranked-as-india-s-no-1-trusted-brand-in-the-skin-care-category-in-2022-by-tra-19698.html
1,Aesthetica Veda – Bangalore's Latest Beauty and Cosmetic Care Clinic Launches in Whitefield,https://www.newsvoir.com/release/aesthetica-veda-bangalores-latest-beauty-and-cosmetic-care-clinic-launches-in-whitefield-19557.html
2,"No Apology Introduces World-class Range of Coconut Milk Shampoo, Conditioner and Hair Mask First Time in India",https://www.newsvoir.com/release/no-apology-introduces-world-class-range-of-coconut-milk-shampoo-conditioner-and-hair-mask-first-time-in-india-19514.html
3,"Arbro Pharmaceuticals Introduces Ningen, its Japanese and Flora Inspired Cosmetics and Nutraceutical Line",https://www.newsvoir.com/release/arbro-pharmaceuticals-introduces-ningen-its-japanese-and-flora-inspired-cosmetics-and-nutraceutical-line-19478.html
4,"Truefitt & Hill, Market Leaders in Luxury Men's Grooming Comes to Powai",https://www.newsvoir.com/release/truefitt-hill-market-leaders-in-luxury-mens-grooming-comes-to-powai-19461.html
5,AG Industries Redefining Face of the Skincare Industry in India,https://www.newsvoir.com/release/ag-industries-redefining-face-of-the-skincare-industry-in-india-19342.html
6,91 Percent of Indians Want to be More Sustainable in 2022: Garnier's One Green Step Survey,https://www.newsvoir.com/release/91-percent-of-indians-want-to-be-more-sustainable-in-2022-garniers-one-green-step-survey-19224.html
7,"OSIA OSIA, India's Homegrown Luxury Herbal Skincare, Registers 100 percent Growth in 2021",https://www.newsvoir.com/release/osia-osia-indias-homegrown-luxury-herbal-skincare-registers-100-percent-growth-in-2021-19085.html
8,NIVEA India is Certified as a Great Place to Work®,https://www.newsvoir.com/release/nivea-india-is-certified-as-a-great-place-to-work-19079.html
9,No Apology Unveils 100 percent Natural Skin and Hair Care Products First Time in India,https://www.newsvoir.com/release/no-apology-unveils-100-percent-natural-skin-and-hair-care-products-first-time-in-india-19022.html
10,"Pamper your Skin this Winter with Vasu Naturals Premium Winter Care Range
",https://www.newsvoir.com/release/pamper-your-skin-this-winter-with-vasu-naturals-premium-winter-care-range-18992.html
11,"Serial Entrepreneur, Ex Hair Originals Co-founder Ashish Tiwari Launches - Hair Forever, a Hair Extension Manufacturing Startup",https://www.newsvoir.com/release/serial-entrepreneur-ex-hair-originals-co-founder-ashish-tiwari-launches-hair-forever-a-hair-extension-manufacturing-startup-18926.html
12,"Vedic Cosmeceuticals Raises INR 25 Crores, Series A Round from Sixth Sense Ventures",https://www.newsvoir.com/release/vedic-cosmeceuticals-raises-inr-25-crores-series-a-round-from-sixth-sense-ventures-18828.html
13,Kayos Expands its Product Line with 3 Steps Curly Hair Range,https://www.newsvoir.com/release/kayos-expands-its-product-line-with-3-steps-curly-hair-range-18818.html
14,Actress Malaika Arora Appointed Brand Ambassador for Lotus Herbals Youth Rx,https://www.newsvoir.com/release/actress-malaika-arora-appointed-brand-ambassador-for-lotus-herbals-youth-rx-18708.html
15,Arishfa Khan Turns Entrepreneur; Launches Mishy Me,https://www.newsvoir.com/release/arishfa-khan-turns-entrepreneur-launches-mishy-me-18669.html
16,"Rarissime - Wonders from Dermatology Expert at your Dressing Table
",https://www.newsvoir.com/release/rarissime-wonders-from-dermatology-expert-at-your-dressing-table-18549.html
17,"Wella Professionals Launches LuxeLights, A New Capsule Collection to 'Shine On' this Festive Season",https://www.newsvoir.com/release/wella-professionals-launches-luxelights-a-new-capsule-collection-to-shine-on-this-festive-season-18322.html
18,"Ahead of the Festive Season, Brillare Introduces India's First Zero Dilution Hair Oils, Infused with Ayurvedic and Natural Ingredients",https://www.newsvoir.com/release/ahead-of-the-festive-season-brillare-introduces-india-apos-s-first-zero-dilution-hair-oils-infused-with-ayurvedic-and-natural-ingredients-18073.html
19,"AJIO Presents: FASHION UP India at FDCI X Lakme Fashion Week
",https://www.newsvoir.com/release/ajio-presents-fashion-up-india-at-fdci-x-lakme-fashion-week-18012.html
20,RENEE Cosmetics Raises USD 1.5M in Pre-Series A Funding Led by Equanimity Ventures and 9Unicorns with Participation from Titan Capital,https://www.newsvoir.com/release/renee-cosmetics-raises-usd-1-5m-in-pre-series-a-funding-led-by-equanimity-ventures-and-9unicorns-with-participation-from-titan-capital-17861.html
21,Ambrosia Aesthetics Offers Complete Dermatology and Plastic Surgery Services under One Roof,https://www.newsvoir.com/release/ambrosia-aesthetics-offers-complete-dermatology-and-plastic-surgery-services-under-one-roof-17877.html
22,Derma Essentia Brings One-of-its-kind Skin Science Concept Chrono Beauty to India,https://www.newsvoir.com/release/derma-essentia-brings-one-of-its-kind-skin-science-concept-chrono-beauty-to-india-17809.html
23,Pahadi Local Raises its First Round of Funding,https://www.newsvoir.com/release/pahadi-local-raises-its-first-round-of-funding-17804.html
24,SUGAR Cosmetics Launches its 'Bold And Free' Campaign Featuring Taapsee Pannu ,https://www.newsvoir.com/release/sugar-cosmetics-launches-its-bold-and-free-campaign-featuring-taapsee-pannu-17771.html
25,Jeonbuk Business Centre Wraps up a 3-day Beauty Exhibition at the Millennium City,https://www.newsvoir.com/release/jeonbuk-business-centre-wraps-up-a-3-day-beauty-exhibition-at-the-millennium-city-17700.html
26,TNW-The Natural Wash Plans to Launch its Own Curated App on its 2nd Birthday Anniversary,https://www.newsvoir.com/release/tnw-the-natural-wash-plans-to-launch-its-own-curated-app-on-its-2nd-birthday-anniversary-17660.html
27,"Aamna Sharif is the Latest Face of Clovia Botaniqa, a Unique Skincare Range ",https://www.newsvoir.com/release/aamna-sharif-is-the-latest-face-of-clovia-botaniqa-a-unique-skincare-range-17611.html
28,Lotus Organics+ Partners with the WTI to Celebrate Sustainable September,https://www.newsvoir.com/release/lotus-organics-partners-with-the-wti-to-celebrate-sustainable-september-17483.html
29,Indus Valley Launches Bio Organic DIY Product Line,https://www.newsvoir.com/release/indus-valley-launches-bio-organic-diy-product-line-17449.html
30,1993 A Salon Company - Exclusive Brand Chain Launched in Maharashtra from the House of Salon Apple,https://www.newsvoir.com/release/1993-a-salon-company-exclusive-brand-chain-launched-in-maharashtra-from-the-house-of-salon-apple-17329.html
31,Mystique Earth is Unveiling the Deep-rooted Mysteries of Central India through its Tribal Alchemy Inspired Brand Film,https://www.newsvoir.com/release/mystique-earth-is-unveiling-the-deep-rooted-mysteries-of-central-india-through-its-tribal-alchemy-inspired-brand-film-17282.html
32,"One Makeup Stick for Eyes, Cheeks and Lips - RENEE Launches Revolutionary FAB FACE with Rashmika Mandanna and Shruti Haasan",https://www.newsvoir.com/release/one-makeup-stick-for-eyes-cheeks-and-lips-renee-launches-revolutionary-fab-face-with-rashmika-mandanna-and-shruti-haasan-17213.html
33,Stay Fresh and Evergreen all Seasons with Vasu Rose and Mint Range,https://www.newsvoir.com/release/stay-fresh-and-evergreen-all-seasons-with-vasu-rose-and-mint-range-17198.html
34,"Wella Professionals Hosts India's Biggest Online Hair Color Event for the Salon Community
",https://www.newsvoir.com/release/wella-professionals-hosts-india-s-biggest-online-hair-color-event-for-the-salon-community-16946.html
35,Lotus Herbals Installs Oxygen Generator Plant at Jeewan Hospital,https://www.newsvoir.com/release/lotus-herbals-installs-oxygen-generator-plant-at-jeewan-hospital-16953.html
36,Here's Why You Need a Vitamin C Face Serum in Your Skincare Routine,https://www.newsvoir.com/release/here-s-why-you-need-a-vitamin-c-face-serum-in-your-skincare-routine-16520.html
37,Lyla Blanc: An Indian Perfume Brand Reaching New Heights Globally,https://www.newsvoir.com/release/lyla-blanc-an-indian-perfume-brand-reaching-new-heights-globally-16492.html
38,Atulya Introduces Veg Keratin Products for Hair Care First Time in India,https://www.newsvoir.com/release/atulya-introduces-veg-keratin-products-for-hair-care-first-time-in-india-16443.html
39,"Wella Professionals Launches 'WeCreate', Global Digital Event for the Professional Beauty Industry
",https://www.newsvoir.com/release/wella-professionals-launches-apos-wecreate-apos-global-digital-event-for-the-professional-beauty-industry-16428.html
40,"Value for Money and Quality Oriented Cosmetics will Now be Available in India also, says Founder of Onest Ltd. Pawan Gupta",https://www.newsvoir.com/release/quot-value-for-money-quality-oriented-cosmetics-will-now-be-available-in-india-also-quot-says-founder-of-onest-ltd-pawan-gupta-16400.html
41,Wella Company Introduces weDo/ Professional in India,https://www.newsvoir.com/release/wella-company-introduces-wedo-professional-in-india-16334.html
42,The Beauty Co. Introduces D'Wine Collection - Adding Wine to your Skincare Routine,https://www.newsvoir.com/release/the-beauty-co-introduces-d-apos-wine-collection-adding-wine-to-your-skincare-routine-16323.html
43,Acneologist Dr. Suyomi Gets Champions of Change Awards,https://www.newsvoir.com/release/acneologist-dr-suyomi-gets-champions-of-change-awards-16315.html
44,Actress Dia Mirza Appointed as Brand Ambassador for Lotus Organics+ ,https://www.newsvoir.com/release/actress-dia-mirza-appointed-as-brand-ambassador-for-lotus-organics-16278.html
45,Premium Canadian Organic Skincare Line Refresh Botanicals™ Launches in India,https://www.newsvoir.com/release/premium-canadian-organic-skincare-line-refresh-botanicals-launches-in-india-16201.html
46,"RENEE Cosmetics Recognized as India's Most Trusted Brand by CNBC TV-18
",https://www.newsvoir.com/release/renee-cosmetics-recognized-as-india-apos-s-most-trusted-brand-by-cnbc-tv-18-16140.html
47,"Medimix Launches 100% Natural, Anti-bacterial and Skin Nourishing Hand Sanitizer Gel",https://www.newsvoir.com/release/medimix-launches-100-natural-anti-bacterial-and-skin-nourishing-hand-sanitizer-gel-16096.html
48,Vasu Healthcare Forays into Herbal Skincare; Launch 'Vasu Naturals' Range,https://www.newsvoir.com/release/vasu-healthcare-forays-into-herbal-skincare-launch-apos-vasu-naturals-apos-range-16030.html
49,"Worried About Hair Damage this Holi, Here are Simple Damage Protect Hacks",https://www.newsvoir.com/release/worried-about-hair-damage-this-holi-here-are-simple-damage-protect-hacks-15949.html
50,"Lotus Herbals Launches Lotus Botanicals, a Plant-based Clean Beauty Brand to Enter Fast-growing Global eCom Beauty Market",https://www.newsvoir.com/release/lotus-herbals-launches-lotus-botanicals-a-plant-based-clean-beauty-brand-to-enter-fast-growing-global-ecom-beauty-market-15952.html
51,"Cult-favourite Beauty Brand, SUGAR Cosmetics Launches First-ever Product Collaboration: SUGAR X WONDER WOMAN",https://www.newsvoir.com/release/cult-favourite-beauty-brand-sugar-cosmetics-launches-first-ever-product-collaboration-sugar-x-wonder-woman-15937.html
52,WOW Skin Science Expands Presence in Brick and Mortar Stores Across India,https://www.newsvoir.com/release/wow-skin-science-expands-presence-in-brick-and-mortar-stores-across-india-15864.html
53,"Shaping the Indian Beauty Market, Tressmart Records Meteoric Rise in the Pandemic Year to Present",https://www.newsvoir.com/release/shaping-the-indian-beauty-market-tressmart-records-meteoric-rise-in-the-pandemic-year-to-present-15821.html
54,Atulya Unveils 100% Natural Healthcare and Wellness Products in India,https://www.newsvoir.com/release/atulya-unveils-100-natural-healthcare-and-wellness-products-in-india-15683.html
55,Cult-favourite Beauty Brand SUGAR Cosmetics Raises USD 21M in Series C Funding from Elevation Capital and Existing Investors to Fuel Omnichannel Growth,https://www.newsvoir.com/release/cult-favourite-beauty-brand-sugar-cosmetics-raises-usd-21m-in-series-c-funding-from-elevation-capital-and-existing-investors-to-fuel-omnichannel-growth-15660.html
56,"New Range of Handcrafted, Natural Skin-care Products by Tejomaya",https://www.newsvoir.com/release/new-range-of-handcrafted-natural-skin-care-products-by-tejomaya-15553.html
57,L'Oréal Professionnel's Guide to Winter Hair Care for Men,https://www.newsvoir.com/release/l-apos-oral-professionnel-apos-s-guide-to-winter-hair-care-for-men-15259.html
58,"SKINN by Titan Launches ""Escapade""",https://www.newsvoir.com/release/skinn-by-titan-launches-quot-escapade-quot-14704.html
59,GreenOpia Naturals Vegan Skincare Helps to Revitalize & Rejuvenate Skin,https://www.newsvoir.com/release/greenopia-naturals-vegan-skincare-helps-to-revitalize-rejuvenate-skin-14660.html
60,Wella Professionals Launches Wella Passionistas in India,https://www.newsvoir.com/release/wella-professionals-launches-wella-passionistas-in-india-14304.html
61,NIVEA India Achieve their Very First Virtual Guinness World Records® Feat,https://www.newsvoir.com/release/nivea-india-achieve-their-very-first-virtual-guinness-world-records-feat-14260.html
62,"Vega Launches SÉRY, a New Age Make-up Brand, into the Cosmetics Segment",https://www.newsvoir.com/release/vega-launches-sry-a-new-age-make-up-brand-into-the-cosmetics-segment-14196.html
63,"Leading Woman Achiever, Savita Chhabra, Chairperson, HRIPL Authors her Debut Book 'Legacy of Learning' to Guide and Inspire the Youth",https://www.newsvoir.com/release/leading-woman-achiever-savita-chhabra-chairperson-hripl-authors-her-debut-book-apos-legacy-of-learning-apos-to-guide-and-inspire-the-youth-13651.html
64,Envy Deodorants Bagged the Most Prestigious Recognition of 'The Economic Times Promising Brands 2019-2020',https://www.newsvoir.com/release/envy-deodorants-bagged-the-most-prestigious-recognition-of-apos-the-economic-times-promising-brands-2019-2020-apos-13620.html
65,fbb's Latest Campaign 'BuraNaKhelo' this Holi for Women's Safety,https://www.newsvoir.com/release/fbb-apos-s-latest-campaign-apos-buranakhelo-apos-this-holi-for-women-apos-s-safety-13565.html
66,India’s Leading Model Talent Hunt Crowns the Next ‘Face Of India’ at the Prestigious Dadasaheb Phalke International Film Festival Awards ,https://www.newsvoir.com/release/india-s-leading-model-talent-hunt-crowns-the-next-face-of-india-at-the-prestigious-dadasaheb-phalke-international-film-festival-awards-13485.html
67,Elpro City Square Mall to Bring in Republic Day 2020 with Flat 50% Sale,https://www.newsvoir.com/release/elpro-city-square-mall-to-bring-in-republic-day-2020-with-flat-50-sale-13252.html
68,Lakmé Academy Powered by Aptech Launches 'Winged' - India's First Hair & Makeup Reality Web Series,https://www.newsvoir.com/release/lakm-academy-powered-by-aptech-launches-winged-india-s-first-hair-makeup-reality-web-series-13188.html
69,"Indian Medical Association Recommends Weight Management and Wellness Programs of VLCC

",https://www.newsvoir.com/release/indian-medical-association-recommends-weight-management-and-wellness-programs-of-vlcc-13189.html
70,"MTV Pantaloons Style Superstars Season 2 Announces Prakhar Narayan from Lucknow, Srijita Ghosh from Kolkata and Ekanshi Singhal from Ahmedabad as Finalists",https://www.newsvoir.com/release/mtv-pantaloons-style-superstars-season-2-announces-prakhar-narayan-from-lucknow-srijita-ghosh-from-kolkata-and-ekanshi-singhal-from-ahmedabad-as-finalists-13129.html
71,OPI Launches the OPI X Hello Kitty Collection with Celebrity Nupur Sanon,https://www.newsvoir.com/release/opi-launches-the-opi-x-hello-kitty-collection-with-celebrity-nupur-sanon-13083.html
72,"Titan Company Launches ‘Fastrack Perfumes’, Announces Ananya Panday as the New Face ",https://www.newsvoir.com/release/titan-company-launches-fastrack-perfumes-announces-ananya-panday-as-the-new-face--13044.html
73,MTV Pantaloons Style Superstars Season 2 Dials up Glamour and Style ,https://www.newsvoir.com/release/mtv-pantaloons-style-superstars-season-2-dials-up-glamour-and-style-12991.html
74,ABFRL Launches Innovation Challenge to Find Alternatives to Plastic Packaging in Collaboration with Circular Apparel Innovation Factory,https://www.newsvoir.com/release/abfrl-launches-innovation-challenge-to-find-alternatives-to-plastic-packaging-in-collaboration-with-circular-apparel-innovation-factory-12950.html
75,OnePlus Expands its Offline Footprint with Third Experience Store Launch in Pune,https://www.newsvoir.com/release/oneplus-expands-its-offline-footprint-with-third-experience-store-launch-in-pune-12916.html
76,"Fatima Sana Shaikh is the Face of 25o2, A New Range of India Inspired Lipwear ",https://www.newsvoir.com/release/fatima-sana-shaikh-is-the-face-of-25o2-a-new-range-of-india-inspired-lipwear-12909.html
77,"On Children's Day, VLCC Embarks Anti Child-Obesity Campaign",https://www.newsvoir.com/release/on-children-s-day-vlcc-embarks-anti-child-obesity-campaign-12845.html
78,Marks & Spencer Reliance Continues to Deliver Sustainable Growth in India ,https://www.newsvoir.com/release/marks-spencer-reliance-continues-to-deliver-sustainable-growth-in-india-12767.html
79,"MAX Launches New Store at Elpro City Square, Pune",https://www.newsvoir.com/release/max-launches-new-store-at-elpro-city-square-pune-12701.html
80,"Pantene Launches its New #FREEDOMHAIR Campaign, Inspiring Girls to Write their Own Story",https://www.newsvoir.com/release/pantene-launches-its-new-freedomhair-campaign-inspiring-girls-to-write-their-own-story-12652.html
81,"Tisca Chopra Roped in as the Face for Alainne Room Freshener
",https://www.newsvoir.com/release/tisca-chopra-roped-in-as-the-face-for-alainne-room-freshener-12520.html
82,Max Fashion Unveiled its Latest Festive Collection’19 in Pune,https://www.newsvoir.com/release/max-fashion-unveiled-its-latest-festive-collection-19-in-pune-12521.html
83,Club Factory Overtakes Snapdeal to Rank Third After Amazon and Flipkart,https://www.newsvoir.com/release/club-factory-overtakes-snapdeal-to-rank-third-after-amazon-and-flipkart-12400.html
84,Grand Opening of Delhi Runway Week 2019 with Designer Sikandar Nawaz,https://www.newsvoir.com/release/grand-opening-of-delhi-runway-week-2019-with-designer-sikandar-nawaz-12282.html
85,Central Celebrates One Day Free Shopping on 3rd August,https://www.newsvoir.com/release/central-celebrates-one-day-free-shopping-on-3rd-august-12220.html
86,Rashika Sharma Launches a New Collection for Upcoming Wedding Season,https://www.newsvoir.com/release/rashika-sharma-launches-a-new-collection-for-upcoming-wedding-season-12200.html
87,Visionary Model-Actress Nivedita Chandel Turns Fashion Entrepreneur and Music Godmother,https://www.newsvoir.com/release/visionary-model-actress-nivedita-chandel-turns-fashion-entrepreneur-and-music-godmother-12187.html
88,Priya Priyadarshini Jain Receives 'Indian Woman of Influence Award' at House of Lords,https://www.newsvoir.com/release/priya-priyadarshini-jain-receives-indian-woman-of-influence-award-at-house-of-lords-12180.html
89,Central Celebrates Red Haute Saturday on 13th July,https://www.newsvoir.com/release/central-celebrates-red-haute-saturday-on-13th-july-12116.html
90,Shagun Gupta Introduces Nouveau Contour 'Future of Permanent Cosmetics' in India,https://www.newsvoir.com/release/shagun-gupta-introduces-nouveau-contour-future-of-permanent-cosmetics-in-india-12052.html
91,Pantaloons Cheers for India with “How Blue Are You?”,https://www.newsvoir.com/release/pantaloons-cheers-for-india-with-how-blue-are-you--11979.html
92,Lakmé Academy Powered by Aptech Expands Footprint,https://www.newsvoir.com/release/lakm-academy-powered-by-aptech-expands-footprint-11940.html
93,Indian Beauty & Hygiene Association’s Sustainable Plastic Waste Management Initiative gets Encouraging Response,https://www.newsvoir.com/release/indian-beauty-hygiene-association-s-sustainable-plastic-waste-management-initiative-gets-encouraging-response-11932.html
94,Scentclair: Your One Stop Shop for Affordable Luxury Perfumes,https://www.newsvoir.com/release/scentclair-your-one-stop-shop-for-affordable-luxury-perfumes-11874.html
95,MAX Launches its Summer Collection’19 with Zubeen Garg,https://www.newsvoir.com/release/max-launches-its-summer-collection-19-with-zubeen-garg-11689.html
96,Bajaj Consumer Care Limited Announces the Launch of Bajaj Nomarks Ayurveda Antimarks Suncreen,https://www.newsvoir.com/release/bajaj-consumer-care-limited-announces-the-launch-of-bajaj-nomarks-ayurveda-antimarks-suncreen-11623.html
97,Get Pampered this Women’s Day with Organic Skincare Products from ‘Love Organically’,https://www.newsvoir.com/release/get-pampered-this-women-s-day-with-organic-skincare-products-from-love-organically--11462.html
98,Hair Nourishment and Skin Hydration with Marc Anthony's Coconut Range,https://www.newsvoir.com/release/hair-nourishment-and-skin-hydration-with-marc-anthony-s-coconut-range-11406.html
99,Facial Care to Continue Dominating India Skin Care Market through 2023: TechSci Research,https://www.newsvoir.com/release/facial-care-to-continue-dominating-india-skin-care-market-through-2023-techsci-research-11261.html
100,Supermarkets and Hypermarkets to Continue Dominance in APAC Lipstick Market through 2023: TechSci Research,https://www.newsvoir.com/release/supermarkets-and-hypermarkets-to-continue-dominance-in-apac-lipstick-market-through-2023-techsci-research-11213.html
101,Lakmé Academy Powered by Aptech Announces National Level Scholarship Program,https://www.newsvoir.com/release/lakm-academy-powered-by-aptech-announces-national-level-scholarship-program-10989.html
102,MATTLOOK Cosmetics Debuts 6.5 Billion Indian Cosmetic and Beauty Industry,https://www.newsvoir.com/release/mattlook-cosmetics-debuts-6-5-billion-indian-cosmetic-and-beauty-industry-10981.html
103,Time to Amp up your Festive Makeup Game with MINISO’s Global Cosmetics Festival,https://www.newsvoir.com/release/time-to-amp-up-your-festive-makeup-game-with-miniso-s-global-cosmetics-festival-10906.html
104,"Offline Retailers Rejoice, GiftsOnAir Brings in the Festive Cheer",https://www.newsvoir.com/release/offline-retailers-rejoice-giftsonair-brings-in-the-festive-cheer-10844.html
105,Discover Best Diwali Deals with Leading E-commerce brand Club Factory's Club Diwali Sale,https://www.newsvoir.com/release/discover-best-diwali-deals-with-leading-e-commerce-brand-club-factory-s-club-diwali-sale-10773.html
106,Max Fashion Announces Top 16 Finalists of Elite Model Look India 2018,https://www.newsvoir.com/release/max-fashion-announces-top-16-finalists-of-elite-model-look-india-2018-10746.html
107,"Pantaloons SIIMA 2018 Presents R. Madhavan and Hansika Motwane with 'Pantaloons Style Icon Award'
",https://www.newsvoir.com/release/pantaloons-siima-2018-presents-r-madhavan-and-hansika-motwane-with-pantaloons-style-icon-award-10681.html
108,Discover Affordable Lifestyle as Leading E-commerce Brand Club Factory Announces Club Shopping Week,https://www.newsvoir.com/release/discover-affordable-lifestyle-as-leading-e-commerce-brand-club-factory-announces-club-shopping-week-10656.html
109,Club Factory Intensifies Focus on Indian Millennials,https://www.newsvoir.com/release/club-factory-intensifies-focus-on-indian-millennials-10637.html
110,Launch of the India Elite Model Look Contest 2018,https://www.newsvoir.com/release/launch-of-the-india-elite-model-look-contest-2018-10567.html
111,IMG Reliance Expands Fashion Business with Launch of ‘The Voice of Fashion’,https://www.newsvoir.com/release/img-reliance-expands-fashion-business-with-launch-of-the-voice-of-fashion--10538.html
112,Dove Urges you to Break the Rules of Beauty,https://www.newsvoir.com/release/dove-urges-you-to-break-the-rules-of-beauty-10485.html
113,Soha Ali Khan Launches ‘Double Cross’ Deodorants and Perfumes​ ​by Global Fragrances,https://www.newsvoir.com/release/soha-ali-khan-launches-double-cross-deodorants-and-perfumes-by-global-fragrances-10393.html
114,Kids Rocked the Mumbai and Pune Finales of 'Max Kids Festival 2018',https://www.newsvoir.com/release/kids-rocked-the-mumbai-and-pune-finales-of-max-kids-festival-2018-10248.html
115,Presenting the Finalists of 'Max Emerging Star 2018',https://www.newsvoir.com/release/presenting-the-finalists-of-max-emerging-star-2018-10093.html
116,Olivia Launches New Product Range of Facewash,https://www.newsvoir.com/release/olivia-launches-new-product-range-of-facewash-10070.html
117,Pantaloons Celebrates its 10th Anniversary in Guwahati with an Enthralling ‘Bihu Xubhojatra’ ,https://www.newsvoir.com/release/pantaloons-celebrates-its-10th-anniversary-in-guwahati-with-an-enthralling-bihu-xubhojatra--10063.html
118,AIFW Showcases Future of Fashion at Pearl Portfolio 2018,https://www.newsvoir.com/release/aifw-showcases-future-of-fashion-at-pearl-portfolio-2018-9967.html
119,Pearl Academy Celebrates 25 Years of its Legacy with ‘Influence’ at AIFW ‘18,https://www.newsvoir.com/release/pearl-academy-celebrates-25-years-of-its-legacy-with-influence-at-aifw-18-9955.html
120,6 Fashionably Fierce Looks from VERO MODA to Celebrate You on International Women's Day,https://www.newsvoir.com/release/6-fashionably-fierce-looks-from-vero-moda-to-celebrate-you-on-international-women-s-day-9913.html
121,Manish Arora to be the Ideation Partner with Pearl Academy,https://www.newsvoir.com/release/manish-arora-to-be-the-ideation-partner-with-pearl-academy-9907.html
122,Ted Baker Opens his First Store in India in Partnership with Aditya Birla Fashion and Retail Limited ,https://www.newsvoir.com/release/ted-baker-opens-his-first-store-in-india-in-partnership-with-aditya-birla-fashion-and-retail-limited-9892.html
123,Max Fashion India Presents 'Max Emerging Star 2018',https://www.newsvoir.com/release/max-fashion-india-presents-apos-max-emerging-star-2018-apos-9881.html
124,The Grand Launch of ‘The Makeup Week’ at an Event ‘The Prelude’,https://www.newsvoir.com/release/the-grand-launch-of-the-makeup-week-at-an-event-the-prelude--9877.html
125,Max Design Awards 2017-18 Finale,https://www.newsvoir.com/release/max-design-awards-2017-18-finale-9869.html
126,Lakmé Fashion Week and WeWork kickstart the Fashion Incubation Program for Young Designers ,https://www.newsvoir.com/release/lakm-fashion-week-and-wework-kickstart-the-fashion-incubation-program-for-young-designers--9855.html
127,Max Fashion Unveils its ‘Spring 2018 Collection’ with Underprivileged Kids,https://www.newsvoir.com/release/max-fashion-unveils-its-spring-2018-collection-with-underprivileged-kids-9790.html
128,Max Fashion Unveils its ‘Spring 2018 Collection’ with Swwapnil Joshi,https://www.newsvoir.com/release/max-fashion-unveils-its-spring-2018-collection-with-swwapnil-joshi-9781.html
129,Louis Philippe from Aditya Birla Fashion and Retail Ltd. Enters Nepal,https://www.newsvoir.com/release/louis-philippe-from-aditya-birla-fashion-and-retail-ltd-enters-nepal-9744.html
130,Bollywood Stars Shine Bright at 'Shop Qatar 2018',https://www.newsvoir.com/release/bollywood-stars-shine-bright-at-shop-qatar-2018-9721.html
131,"Zingbi - A Multi-designer Store Exclusively for Women takes Designer Wear Buying Experience in Chennai, a Notch Higher",https://www.newsvoir.com/release/zingbi-a-multi-designer-store-exclusively-for-women-takes-designer-wear-buying-experience-in-chennai-a-notch-higher-9714.html
132,"Young, Fashionable and Sassy, Forever 21 Marks its 21st Store in India",https://www.newsvoir.com/release/young-fashionable-and-sassy-forever-21-marks-its-21st-store-in-india-9587.html
133,"Finally, the Black Friday Sale Truly Arrives in India",https://www.newsvoir.com/release/finally-the-black-friday-sale-truly-arrives-in-india-9528.html
134,"Forever 21 brings Vidya Vox, Global YouTube Sensation to India",https://www.newsvoir.com/release/forever-21-brings-vidya-vox-global-youtube-sensation-to-india-9483.html
135,"Max Fashion Announces the Winner of its Festive CSR Campaign- ‘Make a Wish, Make a Difference’",https://www.newsvoir.com/release/max-fashion-announces-the-winner-of-its-festive-csr-campaign--make-a-wish-make-a-difference--9375.html
136,Arya Bendkhale (Pune) and Mustafa DG (Hyderabad) Winners of Max Elite Model Look India 2017,https://www.newsvoir.com/release/arya-bendkhale-pune-and-mustafa-dg-hyderabad-winners-of-max-elite-model-look-india-2017-9335.html
137,Max Fashion Launches ‘Festive Collection’ with Padma Shri Chef Sanjeev Kapoor & his Wife Alyona Kapoor,https://www.newsvoir.com/release/max-fashion-launches-festive-collection-with-padma-shri-chef-sanjeev-kapoor-his-wife-alyona-kapoor-9332.html
138,Max Fashion Embarks on its ‘Festive Celebrations’ with Alyona and Sanjeev Kapoor,https://www.newsvoir.com/release/max-fashion-embarks-on-its-festive-celebrations-with-alyona-and-sanjeev-kapoor-9334.html
139,Max Fashion Launches its Festive CSR Campaign - Make A Wish Make A Difference ,https://www.newsvoir.com/release/max-fashion-launches-its-festive-csr-campaign-make-a-wish-make-a-difference-9294.html
140,India Boulevard is Now Kyra & Vir,https://www.newsvoir.com/release/india-boulevard-is-now-kyra-vir-9283.html
141,Pantaloons Creates India’s Tallest Dandiya on the Auspicious Festival of Navratri,https://www.newsvoir.com/release/pantaloons-creates-india-s-tallest-dandiya-on-the-auspicious-festival-of-navratri-9264.html
142,The Cosmopolitan Fashion Weekend ,https://www.newsvoir.com/release/the-cosmopolitan-fashion-weekend-9209.html
143,The Cosmopolitan Beauty Weekend (and it was One Helluva Weekend),https://www.newsvoir.com/release/the-cosmopolitan-beauty-weekend-and-it-was-one-helluva-weekend-9161.html
144,Pantaloons Enters the India Book of Records with ‘Denim Ganpati’,https://www.newsvoir.com/release/pantaloons-enters-the-india-book-of-records-with-denim-ganpati--9148.html
145,Celebrity Hairstylists Amit Thakur & Amit Yashwant Launch Hair Studio 'Manemaniac' with Bollywood Stars,https://www.newsvoir.com/release/celebrity-hairstylists-amit-thakur-amit-yashwant-launch-hair-studio-manemaniac-with-bollywood-stars-8994.html
146,Max Fashion Plants Saplings as a Part of its ‘Go Green’ Initiative,https://www.newsvoir.com/release/max-fashion-plants-saplings-as-a-part-of-its-go-green-initiative-8802.html
147,Little Stars Shine the Brightest at Mumbai Grand Finale of ‘Max Little Icon 2017’,https://www.newsvoir.com/release/little-stars-shine-the-brightest-at-mumbai-grand-finale-of-max-little-icon-2017--8731.html
148,Pearl Academy Forays into Journalism with School of Media and Journalism,https://www.newsvoir.com/release/pearl-academy-forays-into-journalism-with-school-of-media-and-journalism-8703.html
149,Max Fashion Celebrated ‘Mother’s Day’ with Mothers from ‘Gurukrupa’ - Old Age Home,https://www.newsvoir.com/release/max-fashion-celebrated-mother-s-day-with-mothers-from-gurukrupa---old-age-home-8686.html
150,Harper’s Bazaar India Launches its First-Ever Coffee Table Book - ICONIC,https://www.newsvoir.com/release/harper-s-bazaar-india-launches-its-first-ever-coffee-table-book---iconic-8665.html
151,"NRI Ram Sareen’s, Tukatech Inc., Makes India Proud Tukatech Poised to Simplify Fashion Design and Development with Solutions Starting at $29.00 Per Month
",https://www.newsvoir.com/release/nri-ram-sareen-s-tukatech-inc-makes-india-proud-tukatech-poised-to-simplify-fashion-design-and-development-with-solutions-starting-at-29-00-per-month--8663.html
152,Pearl Academy Pearl Portfolio 2017 - School of Creative Business and School of Design,https://www.newsvoir.com/release/pearl-academy-pearl-portfolio-2017-school-of-creative-business-and-school-of-design-8650.html
153,Are You Bieber Ready? Coz This Collection by ONLY Will Fuel Your Bieber Fever,https://www.newsvoir.com/release/are-you-bieber-ready-coz-this-collection-by-only-will-fuel-your-bieber-fever-8634.html
154,"Magnum Ice Cream Ties Up with Online Fashion Label, TheLabelLife.Com to Create a Stunningly Wild, Limited Edition Fashion Collection",https://www.newsvoir.com/release/magnum-ice-cream-ties-up-with-online-fashion-label-thelabellife-com-to-create-a-stunningly-wild-limited-edition-fashion-collection-8629.html
155,Platinum Jewelry Dominates the Red Carpet at Met Gala,https://www.newsvoir.com/release/platinum-jewelry-dominates-the-red-carpet-at-met-gala-8628.html
156,"Pranali Mistry, Akarsh Alagh & Swayenshu Mohanty, the Stars of Tomorrow at ‘Max Emerging Star 2017’",https://www.newsvoir.com/release/pranali-mistry-akarsh-alagh-swayenshu-mohanty-the-stars-of-tomorrow-at-max-emerging-star-2017--8561.html
157,Jaguar Land Rover India Launches 2017 Collection of Branded Goods,https://www.newsvoir.com/release/jaguar-land-rover-india-launches-2017-collection-of-branded-goods-8558.html
158,TataCLiQ.com Announces the Summer of Style Sale to Beat the Summer Blues,https://www.newsvoir.com/release/tatacliq-com-announces-the-summer-of-style-sale-to-beat-the-summer-blues-8539.html
159,The Stage is Set for the Grand Finale of ‘Max Emerging Star 2017’,https://www.newsvoir.com/release/the-stage-is-set-for-the-grand-finale-of-max-emerging-star-2017--8501.html
160,Vero Moda Goes Big on Accessories ,https://www.newsvoir.com/release/vero-moda-goes-big-on-accessories-8497.html
161,Pachouli Joins Hands with ‘India Kids Fashion Fest’ to Further the Philosophy of Beauty is Inside Out,https://www.newsvoir.com/release/pachouli-joins-hands-with-india-kids-fashion-fest-to-further-the-philosophy-of-beauty-is-inside-out-8443.html
162,Beauty and Personal Care Industry Set for Exponential Growth ,https://www.newsvoir.com/release/beauty-and-personal-care-industry-set-for-exponential-growth-8439.html
163,Day 5 of AIFW’17 Showcases GenNext in Fashion at 'Pearl Portfolio',https://www.newsvoir.com/release/day-5-of-aifw-17-showcases-gennext-in-fashion-at-pearl-portfolio--8406.html
164,Gujarat-based E-commerce Startup CouponClue.com Emerges as India's Top Coupons Site,https://www.newsvoir.com/release/gujarat-based-e-commerce-startup-couponclue-com-emerges-as-india-s-top-coupons-site-8398.html
165,Beauty India Exhibition to Address Growing Needs of the Industry,https://www.newsvoir.com/release/beauty-india-exhibition-to-address-growing-needs-of-the-industry-8351.html
166,Style Jam Grand Finale,https://www.newsvoir.com/release/style-jam-grand-finale-8344.html
167,Max Fashion India Launches a New Property- ‘Max Emerging Star’,https://www.newsvoir.com/release/max-fashion-india-launches-a-new-property--max-emerging-star--8309.html
168,Celebrity Fashion Stylist – Ami Patel at Phoenix Marketcity,https://www.newsvoir.com/release/celebrity-fashion-stylist-ami-patel-at-phoenix-marketcity-8256.html
169,Sukhwinder Singh Live in Concert at Phoenix Marketcity,https://www.newsvoir.com/release/sukhwinder-singh-live-in-concert-at-phoenix-marketcity-8238.html
170,HyperCITY Announces ‘Buy 1 Get 1 Free Week’ this Republic Day,https://www.newsvoir.com/release/hypercity-announces-buy-1-get-1-free-week-this-republic-day-8153.html
171,HyperCITY Brings its Annual HyperSALE Across India,https://www.newsvoir.com/release/hypercity-brings-its-annual-hypersale-across-india-8094.html
172,"Pre-Owned Luxury Start up Secret Dresser Plans Overseas Operations
",https://www.newsvoir.com/release/pre-owned-luxury-start-up-secret-dresser-plans-overseas-operations-7743.html
173,Step-up Your Hair Game with TRESemmé Beauty-Full Volume,https://www.newsvoir.com/release/step-up-your-hair-game-with-tresemm-beauty-full-volume-7637.html
174,Monaco Tourism Presented the Dazzling Collection of Designer Sanjay Garg to End the Sustainable Fashion and Indian Textiles Day at Lakmé Fashion Week Winter / Festive 2016,https://www.newsvoir.com/release/monaco-tourism-presented-the-dazzling-collection-of-designer-sanjay-garg-to-end-the-sustainable-fashion-and-indian-textiles-day-at-lakm-fashion-week-winter-festive-2016-7389.html
175,10 Models Emerged as Winners at the First-Ever Plus Size Auditions Held by Lakmé Fashion Week in Collaboration with aLL and Little Shilpa,https://www.newsvoir.com/release/10-models-emerged-as-winners-at-the-first-ever-plus-size-auditions-held-by-lakm-fashion-week-in-collaboration-with-all-and-little-shilpa-7182.html
176,Reissued: Myntra’s ‘End of Reason Sale’ Clocks 2 Million Product Orders on Day 1!,https://www.newsvoir.com/release/reissued-myntra-s-end-of-reason-sale-clocks-2-million-product-orders-on-day-1--7006.html
177,Myntra Leadership Team Delight Customers with ‘End Of Reason Sale’ Delivery,https://www.newsvoir.com/release/myntra-leadership-team-delight-customers-with-end-of-reason-sale-delivery-7007.html
178,The Pacific Mall End-of-Season Sale is Here,https://www.newsvoir.com/release/the-pacific-mall-end-of-season-sale-is-here-7003.html
179,Jet Airways and Etihad Airways Unveil Global Fashion Week Sponsorship,https://www.newsvoir.com/release/jet-airways-and-etihad-airways-unveil-global-fashion-week-sponsorship-6652.html
180,"Shoppers Stop Appoints Debasish Gupta as Head – Marketing, Loyalty & Analytics",https://www.newsvoir.com/release/shoppers-stop-appoints-debasish-gupta-as-head-marketing-loyalty-analytics-6340.html
181,Design Inspirations: Experts Define the Future of Jewellery Design at GJEPC’s Tren Forecasting Seminar,https://www.newsvoir.com/release/design-inspirations-experts-define-the-future-of-jewellery-design-at-gjepc-s-tren-forecasting-seminar-6188.html
182,"Max Fashion Announces Max Design Awards 2015-16, India's Biggest Platform for Fashion Designing Students",https://www.newsvoir.com/release/max-fashion-announces-max-design-awards-2015-16-india-s-biggest-platform-for-fashion-designing-students-6065.html
183,Amazon.in’s Great Indian Sale Round Up,https://www.newsvoir.com/release/amazon-in-s-great-indian-sale-round-up-6055.html
184,Mohit Kamboj Re-elected as National President of India Bullion and Jewelers Association,https://www.newsvoir.com/release/mohit-kamboj-re-elected-as-national-president-of-india-bullion-and-jewelers-association-6052.html
185,Dubai-Based Retail Conglomerate Landmark Group launches LandmarkShops.in -- its Flagship E-Commerce Initiative,https://www.newsvoir.com/release/dubai-based-retail-conglomerate-landmark-group-launches-landmarkshops-in-its-flagship-e-commerce-initiative-5922.html
186,"Aditya Birla Group Launches abof.com – All about Fashion, a One-stop Online Portal for Fashion Products",https://www.newsvoir.com/release/aditya-birla-group-launches-abof-com-all-about-fashion-a-one-stop-online-portal-for-fashion-products-5526.html
187,Flipkart Kicks-off Big Billion Day Mega Sale with its Fashion Category,https://www.newsvoir.com/release/flipkart-kicks-off-big-billion-day-mega-sale-with-its-fashion-category-5491.html
188,Shardul Amarchand Mangaldas & Co Advises on Filing of Draft Red Herring Prospectus of VLCC Health Care Limited,https://www.newsvoir.com/release/shardul-amarchand-mangaldas-co-advises-on-filing-of-draft-red-herring-prospectus-of-vlcc-health-care-limited-5382.html
189,Shoppers Stop Partners with FreeCharge Wallet,https://www.newsvoir.com/release/shoppers-stop-partners-with-freecharge-wallet-5371.html
190,"Harper’s BAZAAR Hosts the First ever ""Bazaar at Work"" Power Lunch in Association with Arrow",https://www.newsvoir.com/release/harper-s-bazaar-hosts-the-first-ever-bazaar-at-work-power-lunch-in-association-with-arrow-5305.html
191,eShopbox Launches Incubator and Accelerator Programs for Fashion Brands,https://www.newsvoir.com/release/eshopbox-launches-incubator-and-accelerator-programs-for-fashion-brands-4934.html
192,Runway Fantasy to Come Alive at the Grand Finale of Lakmé Fashion Week Winter/Festive 2015,https://www.newsvoir.com/release/runway-fantasy-to-come-alive-at-the-grand-finale-of-lakm-fashion-week-winter-festive-2015-4642.html
193,‘Stay Cool. Look Hot’ with Doy Care Cucumber Soap,https://www.newsvoir.com/release/-stay-cool-look-hot-with-doy-care-cucumber-soap-4469.html
194,VVF India Targets Double Digital Growth in the Face Wash Category with the Launch of Doy Care Aloe Vera Revitalizing Face Wash in Karnataka,https://www.newsvoir.com/release/vvf-india-targets-double-digital-growth-in-the-face-wash-category-with-the-launch-of-doy-care-aloe-vera-revitalizing-face-wash-in-karnataka-3737.html
195,‘Za’ Showcases its Skin Expertise During ‘Love your Skin’,https://www.newsvoir.com/release/-za-showcases-its-skin-expertise-during-love-your-skin--3284.html
196,Oriflame Enters Wellness Segment with Wellness by Oriflame,https://www.newsvoir.com/release/oriflame-enters-wellness-segment-with-wellness-by-oriflame-3188.html
197,"Shoppers Stop Q3 FY15 Results for the Quarter Ended December 31st, 2014",https://www.newsvoir.com/release/shoppers-stop-q3-fy15-results-for-the-quarter-ended-december-31st-2014-3103.html
198,RB Launches Scholl Velvet Smooth Express Pedi Electronic Foot File,https://www.newsvoir.com/release/rb-launches-scholl-velvet-smooth-express-pedi-electronic-foot-file-3030.html
199,Reinvigorate your Skin with Oriflame’s New Love Nature Range,https://www.newsvoir.com/release/reinvigorate-your-skin-with-oriflame-s-new-love-nature-range-2825.html
200,Apparel Trumps Electronics as the Most-Searched Item: Junglee.Com Online Shopping Search Trends Report 2014,https://www.newsvoir.com/release/apparel-trumps-electronics-as-the-most-searched-item-junglee-com-online-shopping-search-trends-report-2014-2705.html
201,GOSF Exclusive: Lifestyle Shopping Vouchers Worth Rs 600 Now at Rs 299,https://www.newsvoir.com/release/gosf-exclusive-lifestyle-shopping-vouchers-worth-rs-600-now-at-rs-299-2575.html
202,"SoulTree’s New Range of Colour Kohls with More Glide, More Colour & More Goodness",https://www.newsvoir.com/release/soultree-s-new-range-of-colour-kohls-with-more-glide-more-colour-more-goodness-2450.html
203,Za Now Available on Nykaa.com,https://www.newsvoir.com/release/za-now-available-on-nykaa-com-2449.html
204,SoulTree Participates in Cosmoprof Asia 2014,https://www.newsvoir.com/release/soultree-participates-in-cosmoprof-asia-2014-2373.html
205,VVF Introduces DOY in a Brand New Avatar,https://www.newsvoir.com/release/vvf-introduces-doy-in-a-brand-new-avatar-2202.html
206,"Shoppers Stop Gross Retail Turnover Up 17%, Like-to-Like Growth at 11%, Net Profit up 60%",https://www.newsvoir.com/release/shoppers-stop-gross-retail-turnover-up-17-like-to-like-growth-at-11-net-profit-up-60-2173.html
207,Amazon.in’s Online Shopping Dhamaka Round-Up,https://www.newsvoir.com/release/amazon-in-s-online-shopping-dhamaka-round-up-2073.html
208,SoulTree Launches Organic Beauty Kit for Women Traveller,https://www.newsvoir.com/release/soultree-launches-organic-beauty-kit-for-women-traveller-2041.html
209,Diwali Dhamaka Week Flags Off on Amazon.in,https://www.newsvoir.com/release/diwali-dhamaka-week-flags-off-on-amazon-in-1930.html
210,Marks & Spencer Unveils Flagship Store in Hyderabad,https://www.newsvoir.com/release/marks-spencer-unveils-flagship-store-in-hyderabad-1918.html
211,Blush and Glow with Lakmé Peach Milk Moisturizer this Winter,https://www.newsvoir.com/release/blush-and-glow-with-lakm-peach-milk-moisturizer-this-winter-1892.html
212,Groupon India: Over 60% Indian Travelers are Open to the Idea of Travelling Solo,https://www.newsvoir.com/release/groupon-india-over-60-indian-travelers-are-open-to-the-idea-of-travelling-solo-1775.html
213,Step Out in Style with the Latest FW’14 Collection by GANT,https://www.newsvoir.com/release/step-out-in-style-with-the-latest-fw-14-collection-by-gant-1732.html
214,Amazon.in Kicks Off Biggest Festive Celebrations with ‘Online Shopping Dhamaka’ ,https://www.newsvoir.com/release/amazon-in-kicks-off-biggest-festive-celebrations-with-online-shopping-dhamaka--1707.html
215,Madhu Shalini Unveils Big Bazaar FBB Festive Collection at Ameerpet Big Bazaar,https://www.newsvoir.com/release/madhu-shalini-unveils-big-bazaar-fbb-festive-collection-at-ameerpet-big-bazaar-1705.html
216,Johnson & Johnson India to Set up New Consumer Products Manufacturing Facility in Telangana,https://www.newsvoir.com/release/johnson-johnson-india-to-set-up-new-consumer-products-manufacturing-facility-in-telangana-1692.html
217,K V Aromatics Pvt Ltd. Awarded an Annual Agreement of 10 million USD by the Chinese Delegation,https://www.newsvoir.com/release/k-v-aromatics-pvt-ltd-awarded-an-annual-agreement-of-10-million-usd-by-the-chinese-delegation-1658.html
218,Vikas Singh Joins Kimberly-Clark Lever as Managing Director,https://www.newsvoir.com/release/vikas-singh-joins-kimberly-clark-lever-as-managing-director-1656.html
219,Jazz up Your Wardrobe with the All New Autumn Winter Collection at Shoppers Stop!,https://www.newsvoir.com/release/jazz-up-your-wardrobe-with-the-all-new-autumn-winter-collection-at-shoppers-stop-1651.html
220,Hero Indian Super League to Kick Off at  Historic Salt Lake Stadium in Kolkata,https://www.newsvoir.com/release/hero-indian-super-league-to-kick-off-at-historic-salt-lake-stadium-in-kolkata-1563.html
